image_id,class
Train_0.jpg,scab
Train_1.jpg,multiple_diseases
Train_2.jpg,healthy
Train_3.jpg,rust
Train_4.jpg,healthy
Train_5.jpg,healthy
Train_6.jpg,multiple_diseases
Train_7.jpg,scab
Train_8.jpg,scab
Train_9.jpg,healthy
Train_10.jpg,rust
Train_11.jpg,scab
Train_12.jpg,scab
Train_13.jpg,healthy
Train_14.jpg,rust
Train_15.jpg,rust
Train_16.jpg,scab
Train_17.jpg,scab
Train_18.jpg,healthy
Train_19.jpg,scab
Train_20.jpg,scab
Train_21.jpg,rust
Train_22.jpg,scab
Train_23.jpg,rust
Train_24.jpg,healthy
Train_25.jpg,multiple_diseases
Train_26.jpg,rust
Train_27.jpg,scab
Train_28.jpg,scab
Train_29.jpg,scab
Train_30.jpg,scab
Train_31.jpg,rust
Train_32.jpg,scab
Train_33.jpg,healthy
Train_34.jpg,rust
Train_35.jpg,rust
Train_36.jpg,multiple_diseases
Train_37.jpg,rust
Train_38.jpg,rust
Train_39.jpg,rust
Train_40.jpg,scab
Train_41.jpg,scab
Train_42.jpg,scab
Train_43.jpg,healthy
Train_44.jpg,scab
Train_45.jpg,rust
Train_46.jpg,healthy
Train_47.jpg,rust
Train_48.jpg,scab
Train_49.jpg,scab
Train_50.jpg,rust
Train_51.jpg,scab
Train_52.jpg,scab
Train_53.jpg,healthy
Train_54.jpg,healthy
Train_55.jpg,healthy
Train_56.jpg,scab
Train_57.jpg,rust
Train_58.jpg,rust
Train_59.jpg,rust
Train_60.jpg,rust
Train_61.jpg,scab
Train_62.jpg,multiple_diseases
Train_63.jpg,healthy
Train_64.jpg,rust
Train_65.jpg,scab
Train_66.jpg,healthy
Train_67.jpg,healthy
Train_68.jpg,healthy
Train_69.jpg,rust
Train_70.jpg,healthy
Train_71.jpg,rust
Train_72.jpg,healthy
Train_73.jpg,scab
Train_74.jpg,multiple_diseases
Train_75.jpg,rust
Train_76.jpg,scab
Train_77.jpg,healthy
Train_78.jpg,scab
Train_79.jpg,scab
Train_80.jpg,scab
Train_81.jpg,rust
Train_82.jpg,rust
Train_83.jpg,scab
Train_84.jpg,scab
Train_85.jpg,scab
Train_86.jpg,healthy
Train_87.jpg,rust
Train_88.jpg,healthy
Train_89.jpg,rust
Train_90.jpg,healthy
Train_91.jpg,scab
Train_92.jpg,rust
Train_93.jpg,rust
Train_94.jpg,healthy
Train_95.jpg,multiple_diseases
Train_96.jpg,rust
Train_97.jpg,rust
Train_98.jpg,rust
Train_99.jpg,healthy
Train_100.jpg,healthy
Train_101.jpg,scab
Train_102.jpg,rust
Train_103.jpg,healthy
Train_104.jpg,multiple_diseases
Train_105.jpg,healthy
Train_106.jpg,scab
Train_107.jpg,scab
Train_108.jpg,rust
Train_109.jpg,rust
Train_110.jpg,scab
Train_111.jpg,healthy
Train_112.jpg,scab
Train_113.jpg,multiple_diseases
Train_114.jpg,rust
Train_115.jpg,rust
Train_116.jpg,scab
Train_117.jpg,rust
Train_118.jpg,rust
Train_119.jpg,scab
Train_120.jpg,rust
Train_121.jpg,rust
Train_122.jpg,multiple_diseases
Train_123.jpg,healthy
Train_124.jpg,rust
Train_125.jpg,scab
Train_126.jpg,rust
Train_127.jpg,scab
Train_128.jpg,multiple_diseases
Train_129.jpg,rust
Train_130.jpg,scab
Train_131.jpg,rust
Train_132.jpg,rust
Train_133.jpg,rust
Train_134.jpg,healthy
Train_135.jpg,healthy
Train_136.jpg,healthy
Train_137.jpg,healthy
Train_138.jpg,scab
Train_139.jpg,rust
Train_140.jpg,scab
Train_141.jpg,rust
Train_142.jpg,scab
Train_143.jpg,scab
Train_144.jpg,healthy
Train_145.jpg,scab
Train_146.jpg,healthy
Train_147.jpg,scab
Train_148.jpg,rust
Train_149.jpg,scab
Train_150.jpg,scab
Train_151.jpg,healthy
Train_152.jpg,scab
Train_153.jpg,scab
Train_154.jpg,scab
Train_155.jpg,scab
Train_156.jpg,rust
Train_157.jpg,rust
Train_158.jpg,scab
Train_159.jpg,rust
Train_160.jpg,scab
Train_161.jpg,scab
Train_162.jpg,healthy
Train_163.jpg,scab
Train_164.jpg,rust
Train_165.jpg,rust
Train_166.jpg,scab
Train_167.jpg,healthy
Train_168.jpg,scab
Train_169.jpg,scab
Train_170.jpg,multiple_diseases
Train_171.jpg,rust
Train_172.jpg,scab
Train_173.jpg,scab
Train_174.jpg,healthy
Train_175.jpg,healthy
Train_176.jpg,scab
Train_177.jpg,scab
Train_178.jpg,rust
Train_179.jpg,healthy
Train_180.jpg,multiple_diseases
Train_181.jpg,rust
Train_182.jpg,scab
Train_183.jpg,rust
Train_184.jpg,rust
Train_185.jpg,scab
Train_186.jpg,scab
Train_187.jpg,rust
Train_188.jpg,rust
Train_189.jpg,scab
Train_190.jpg,scab
Train_191.jpg,scab
Train_192.jpg,scab
Train_193.jpg,rust
Train_194.jpg,rust
Train_195.jpg,healthy
Train_196.jpg,scab
Train_197.jpg,scab
Train_198.jpg,healthy
Train_199.jpg,healthy
Train_200.jpg,scab
Train_201.jpg,healthy
Train_202.jpg,rust
Train_203.jpg,scab
Train_204.jpg,scab
Train_205.jpg,rust
Train_206.jpg,rust
Train_207.jpg,scab
Train_208.jpg,rust
Train_209.jpg,scab
Train_210.jpg,scab
Train_211.jpg,scab
Train_212.jpg,rust
Train_213.jpg,healthy
Train_214.jpg,scab
Train_215.jpg,healthy
Train_216.jpg,scab
Train_217.jpg,scab
Train_218.jpg,rust
Train_219.jpg,healthy
Train_220.jpg,healthy
Train_221.jpg,healthy
Train_222.jpg,scab
Train_223.jpg,rust
Train_224.jpg,healthy
Train_225.jpg,rust
Train_226.jpg,rust
Train_227.jpg,healthy
Train_228.jpg,rust
Train_229.jpg,scab
Train_230.jpg,scab
Train_231.jpg,multiple_diseases
Train_232.jpg,scab
Train_233.jpg,rust
Train_234.jpg,scab
Train_235.jpg,scab
Train_236.jpg,rust
Train_237.jpg,multiple_diseases
Train_238.jpg,healthy
Train_239.jpg,scab
Train_240.jpg,rust
Train_241.jpg,rust
Train_242.jpg,scab
Train_243.jpg,scab
Train_244.jpg,rust
Train_245.jpg,multiple_diseases
Train_246.jpg,healthy
Train_247.jpg,healthy
Train_248.jpg,healthy
Train_249.jpg,healthy
Train_250.jpg,scab
Train_251.jpg,scab
Train_252.jpg,scab
Train_253.jpg,scab
Train_254.jpg,rust
Train_255.jpg,scab
Train_256.jpg,scab
Train_257.jpg,healthy
Train_258.jpg,scab
Train_259.jpg,rust
Train_260.jpg,scab
Train_261.jpg,healthy
Train_262.jpg,scab
Train_263.jpg,healthy
Train_264.jpg,healthy
Train_265.jpg,healthy
Train_266.jpg,healthy
Train_267.jpg,scab
Train_268.jpg,scab
Train_269.jpg,rust
Train_270.jpg,scab
Train_271.jpg,healthy
Train_272.jpg,scab
Train_273.jpg,healthy
Train_274.jpg,rust
Train_275.jpg,rust
Train_276.jpg,scab
Train_277.jpg,rust
Train_278.jpg,healthy
Train_279.jpg,rust
Train_280.jpg,scab
Train_281.jpg,scab
Train_282.jpg,healthy
Train_283.jpg,scab
Train_284.jpg,rust
Train_285.jpg,rust
Train_286.jpg,rust
Train_287.jpg,healthy
Train_288.jpg,rust
Train_289.jpg,rust
Train_290.jpg,scab
Train_291.jpg,healthy
Train_292.jpg,scab
Train_293.jpg,scab
Train_294.jpg,rust
Train_295.jpg,healthy
Train_296.jpg,scab
Train_297.jpg,scab
Train_298.jpg,healthy
Train_299.jpg,rust
Train_300.jpg,healthy
Train_301.jpg,rust
Train_302.jpg,rust
Train_303.jpg,scab
Train_304.jpg,healthy
Train_305.jpg,scab
Train_306.jpg,multiple_diseases
Train_307.jpg,healthy
Train_308.jpg,scab
Train_309.jpg,scab
Train_310.jpg,scab
Train_311.jpg,healthy
Train_312.jpg,scab
Train_313.jpg,rust
Train_314.jpg,rust
Train_315.jpg,scab
Train_316.jpg,scab
Train_317.jpg,healthy
Train_318.jpg,rust
Train_319.jpg,scab
Train_320.jpg,healthy
Train_321.jpg,rust
Train_322.jpg,rust
Train_323.jpg,rust
Train_324.jpg,scab
Train_325.jpg,scab
Train_326.jpg,scab
Train_327.jpg,rust
Train_328.jpg,rust
Train_329.jpg,healthy
Train_330.jpg,healthy
Train_331.jpg,rust
Train_332.jpg,scab
Train_333.jpg,rust
Train_334.jpg,rust
Train_335.jpg,healthy
Train_336.jpg,multiple_diseases
Train_337.jpg,healthy
Train_338.jpg,multiple_diseases
Train_339.jpg,healthy
Train_340.jpg,rust
Train_341.jpg,rust
Train_342.jpg,rust
Train_343.jpg,scab
Train_344.jpg,rust
Train_345.jpg,rust
Train_346.jpg,rust
Train_347.jpg,rust
Train_348.jpg,healthy
Train_349.jpg,scab
Train_350.jpg,rust
Train_351.jpg,rust
Train_352.jpg,scab
Train_353.jpg,scab
Train_354.jpg,scab
Train_355.jpg,scab
Train_356.jpg,healthy
Train_357.jpg,healthy
Train_358.jpg,scab
Train_359.jpg,healthy
Train_360.jpg,healthy
Train_361.jpg,scab
Train_362.jpg,scab
Train_363.jpg,multiple_diseases
Train_364.jpg,scab
Train_365.jpg,healthy
Train_366.jpg,healthy
Train_367.jpg,healthy
Train_368.jpg,rust
Train_369.jpg,rust
Train_370.jpg,scab
Train_371.jpg,rust
Train_372.jpg,scab
Train_373.jpg,healthy
Train_374.jpg,scab
Train_375.jpg,healthy
Train_376.jpg,healthy
Train_377.jpg,scab
Train_378.jpg,healthy
Train_379.jpg,scab
Train_380.jpg,healthy
Train_381.jpg,scab
Train_382.jpg,scab
Train_383.jpg,healthy
Train_384.jpg,rust
Train_385.jpg,rust
Train_386.jpg,rust
Train_387.jpg,rust
Train_388.jpg,scab
Train_389.jpg,healthy
Train_390.jpg,rust
Train_391.jpg,multiple_diseases
Train_392.jpg,healthy
Train_393.jpg,healthy
Train_394.jpg,rust
Train_395.jpg,multiple_diseases
Train_396.jpg,healthy
Train_397.jpg,healthy
Train_398.jpg,scab
Train_399.jpg,multiple_diseases
Train_400.jpg,scab
Train_401.jpg,scab
Train_402.jpg,rust
Train_403.jpg,rust
Train_404.jpg,healthy
Train_405.jpg,healthy
Train_406.jpg,healthy
Train_407.jpg,healthy
Train_408.jpg,rust
Train_409.jpg,scab
Train_410.jpg,rust
Train_411.jpg,rust
Train_412.jpg,healthy
Train_413.jpg,rust
Train_414.jpg,scab
Train_415.jpg,healthy
Train_416.jpg,rust
Train_417.jpg,healthy
Train_418.jpg,multiple_diseases
Train_419.jpg,scab
Train_420.jpg,healthy
Train_421.jpg,healthy
Train_422.jpg,rust
Train_423.jpg,scab
Train_424.jpg,scab
Train_425.jpg,healthy
Train_426.jpg,rust
Train_427.jpg,healthy
Train_428.jpg,multiple_diseases
Train_429.jpg,scab
Train_430.jpg,healthy
Train_431.jpg,scab
Train_432.jpg,healthy
Train_433.jpg,healthy
Train_434.jpg,rust
Train_435.jpg,rust
Train_436.jpg,multiple_diseases
Train_437.jpg,scab
Train_438.jpg,healthy
Train_439.jpg,healthy
Train_440.jpg,rust
Train_441.jpg,rust
Train_442.jpg,scab
Train_443.jpg,healthy
Train_444.jpg,healthy
Train_445.jpg,rust
Train_446.jpg,healthy
Train_447.jpg,rust
Train_448.jpg,healthy
Train_449.jpg,scab
Train_450.jpg,healthy
Train_451.jpg,rust
Train_452.jpg,healthy
Train_453.jpg,rust
Train_454.jpg,scab
Train_455.jpg,rust
Train_456.jpg,rust
Train_457.jpg,scab
Train_458.jpg,rust
Train_459.jpg,scab
Train_460.jpg,healthy
Train_461.jpg,rust
Train_462.jpg,rust
Train_463.jpg,scab
Train_464.jpg,rust
Train_465.jpg,rust
Train_466.jpg,healthy
Train_467.jpg,rust
Train_468.jpg,rust
Train_469.jpg,rust
Train_470.jpg,scab
Train_471.jpg,scab
Train_472.jpg,rust
Train_473.jpg,scab
Train_474.jpg,healthy
Train_475.jpg,healthy
Train_476.jpg,healthy
Train_477.jpg,scab
Train_478.jpg,healthy
Train_479.jpg,rust
Train_480.jpg,multiple_diseases
Train_481.jpg,rust
Train_482.jpg,rust
Train_483.jpg,rust
Train_484.jpg,multiple_diseases
Train_485.jpg,rust
Train_486.jpg,rust
Train_487.jpg,rust
Train_488.jpg,healthy
Train_489.jpg,scab
Train_490.jpg,scab
Train_491.jpg,healthy
Train_492.jpg,rust
Train_493.jpg,multiple_diseases
Train_494.jpg,scab
Train_495.jpg,rust
Train_496.jpg,healthy
Train_497.jpg,rust
Train_498.jpg,scab
Train_499.jpg,rust
Train_500.jpg,rust
Train_501.jpg,rust
Train_502.jpg,healthy
Train_503.jpg,scab
Train_504.jpg,rust
Train_505.jpg,scab
Train_506.jpg,rust
Train_507.jpg,rust
Train_508.jpg,rust
Train_509.jpg,rust
Train_510.jpg,rust
Train_511.jpg,rust
Train_512.jpg,rust
Train_513.jpg,rust
Train_514.jpg,rust
Train_515.jpg,rust
Train_516.jpg,rust
Train_517.jpg,multiple_diseases
Train_518.jpg,rust
Train_519.jpg,rust
Train_520.jpg,scab
Train_521.jpg,scab
Train_522.jpg,rust
Train_523.jpg,rust
Train_524.jpg,scab
Train_525.jpg,healthy
Train_526.jpg,healthy
Train_527.jpg,scab
Train_528.jpg,scab
Train_529.jpg,healthy
Train_530.jpg,scab
Train_531.jpg,healthy
Train_532.jpg,healthy
Train_533.jpg,rust
Train_534.jpg,rust
Train_535.jpg,multiple_diseases
Train_536.jpg,rust
Train_537.jpg,healthy
Train_538.jpg,scab
Train_539.jpg,rust
Train_540.jpg,scab
Train_541.jpg,rust
Train_542.jpg,rust
Train_543.jpg,multiple_diseases
Train_544.jpg,healthy
Train_545.jpg,healthy
Train_546.jpg,healthy
Train_547.jpg,healthy
Train_548.jpg,scab
Train_549.jpg,rust
Train_550.jpg,healthy
Train_551.jpg,healthy
Train_552.jpg,scab
Train_553.jpg,rust
Train_554.jpg,rust
Train_555.jpg,scab
Train_556.jpg,scab
Train_557.jpg,rust
Train_558.jpg,healthy
Train_559.jpg,scab
Train_560.jpg,rust
Train_561.jpg,scab
Train_562.jpg,healthy
Train_563.jpg,multiple_diseases
Train_564.jpg,rust
Train_565.jpg,scab
Train_566.jpg,healthy
Train_567.jpg,rust
Train_568.jpg,scab
Train_569.jpg,healthy
Train_570.jpg,scab
Train_571.jpg,rust
Train_572.jpg,healthy
Train_573.jpg,healthy
Train_574.jpg,rust
Train_575.jpg,rust
Train_576.jpg,scab
Train_577.jpg,rust
Train_578.jpg,rust
Train_579.jpg,healthy
Train_580.jpg,rust
Train_581.jpg,scab
Train_582.jpg,rust
Train_583.jpg,scab
Train_584.jpg,rust
Train_585.jpg,rust
Train_586.jpg,rust
Train_587.jpg,healthy
Train_588.jpg,rust
Train_589.jpg,scab
Train_590.jpg,rust
Train_591.jpg,healthy
Train_592.jpg,healthy
Train_593.jpg,scab
Train_594.jpg,rust
Train_595.jpg,healthy
Train_596.jpg,rust
Train_597.jpg,healthy
Train_598.jpg,rust
Train_599.jpg,scab
Train_600.jpg,scab
Train_601.jpg,healthy
Train_602.jpg,multiple_diseases
Train_603.jpg,healthy
Train_604.jpg,scab
Train_605.jpg,healthy
Train_606.jpg,rust
Train_607.jpg,rust
Train_608.jpg,rust
Train_609.jpg,rust
Train_610.jpg,rust
Train_611.jpg,rust
Train_612.jpg,rust
Train_613.jpg,rust
Train_614.jpg,scab
Train_615.jpg,rust
Train_616.jpg,healthy
Train_617.jpg,scab
Train_618.jpg,healthy
Train_619.jpg,healthy
Train_620.jpg,rust
Train_621.jpg,healthy
Train_622.jpg,healthy
Train_623.jpg,rust
Train_624.jpg,scab
Train_625.jpg,scab
Train_626.jpg,healthy
Train_627.jpg,rust
Train_628.jpg,scab
Train_629.jpg,multiple_diseases
Train_630.jpg,healthy
Train_631.jpg,scab
Train_632.jpg,rust
Train_633.jpg,rust
Train_634.jpg,rust
Train_635.jpg,healthy
Train_636.jpg,scab
Train_637.jpg,healthy
Train_638.jpg,scab
Train_639.jpg,rust
Train_640.jpg,rust
Train_641.jpg,scab
Train_642.jpg,healthy
Train_643.jpg,rust
Train_644.jpg,healthy
Train_645.jpg,multiple_diseases
Train_646.jpg,healthy
Train_647.jpg,rust
Train_648.jpg,healthy
Train_649.jpg,scab
Train_650.jpg,healthy
Train_651.jpg,scab
Train_652.jpg,rust
Train_653.jpg,scab
Train_654.jpg,rust
Train_655.jpg,scab
Train_656.jpg,rust
Train_657.jpg,healthy
Train_658.jpg,scab
Train_659.jpg,scab
Train_660.jpg,healthy
Train_661.jpg,scab
Train_662.jpg,scab
Train_663.jpg,scab
Train_664.jpg,scab
Train_665.jpg,healthy
Train_666.jpg,rust
Train_667.jpg,rust
Train_668.jpg,rust
Train_669.jpg,scab
Train_670.jpg,rust
Train_671.jpg,healthy
Train_672.jpg,rust
Train_673.jpg,scab
Train_674.jpg,scab
Train_675.jpg,healthy
Train_676.jpg,healthy
Train_677.jpg,scab
Train_678.jpg,healthy
Train_679.jpg,healthy
Train_680.jpg,scab
Train_681.jpg,scab
Train_682.jpg,multiple_diseases
Train_683.jpg,rust
Train_684.jpg,healthy
Train_685.jpg,healthy
Train_686.jpg,scab
Train_687.jpg,rust
Train_688.jpg,scab
Train_689.jpg,rust
Train_690.jpg,rust
Train_691.jpg,healthy
Train_692.jpg,scab
Train_693.jpg,rust
Train_694.jpg,healthy
Train_695.jpg,rust
Train_696.jpg,scab
Train_697.jpg,rust
Train_698.jpg,scab
Train_699.jpg,scab
Train_700.jpg,rust
Train_701.jpg,healthy
Train_702.jpg,multiple_diseases
Train_703.jpg,healthy
Train_704.jpg,healthy
Train_705.jpg,rust
Train_706.jpg,rust
Train_707.jpg,rust
Train_708.jpg,scab
Train_709.jpg,scab
Train_710.jpg,healthy
Train_711.jpg,healthy
Train_712.jpg,rust
Train_713.jpg,scab
Train_714.jpg,rust
Train_715.jpg,rust
Train_716.jpg,scab
Train_717.jpg,scab
Train_718.jpg,rust
Train_719.jpg,rust
Train_720.jpg,healthy
Train_721.jpg,scab
Train_722.jpg,rust
Train_723.jpg,scab
Train_724.jpg,rust
Train_725.jpg,healthy
Train_726.jpg,rust
Train_727.jpg,scab
Train_728.jpg,rust
Train_729.jpg,scab
Train_730.jpg,healthy
Train_731.jpg,healthy
Train_732.jpg,multiple_diseases
Train_733.jpg,scab
Train_734.jpg,rust
Train_735.jpg,rust
Train_736.jpg,scab
Train_737.jpg,healthy
Train_738.jpg,rust
Train_739.jpg,rust
Train_740.jpg,scab
Train_741.jpg,rust
Train_742.jpg,rust
Train_743.jpg,rust
Train_744.jpg,rust
Train_745.jpg,rust
Train_746.jpg,healthy
Train_747.jpg,healthy
Train_748.jpg,scab
Train_749.jpg,rust
Train_750.jpg,rust
Train_751.jpg,scab
Train_752.jpg,healthy
Train_753.jpg,healthy
Train_754.jpg,multiple_diseases
Train_755.jpg,healthy
Train_756.jpg,scab
Train_757.jpg,scab
Train_758.jpg,scab
Train_759.jpg,rust
Train_760.jpg,rust
Train_761.jpg,healthy
Train_762.jpg,multiple_diseases
Train_763.jpg,rust
Train_764.jpg,rust
Train_765.jpg,scab
Train_766.jpg,rust
Train_767.jpg,rust
Train_768.jpg,healthy
Train_769.jpg,healthy
Train_770.jpg,scab
Train_771.jpg,scab
Train_772.jpg,healthy
Train_773.jpg,healthy
Train_774.jpg,healthy
Train_775.jpg,scab
Train_776.jpg,healthy
Train_777.jpg,healthy
Train_778.jpg,rust
Train_779.jpg,rust
Train_780.jpg,scab
Train_781.jpg,healthy
Train_782.jpg,healthy
Train_783.jpg,scab
Train_784.jpg,rust
Train_785.jpg,scab
Train_786.jpg,healthy
Train_787.jpg,scab
Train_788.jpg,healthy
Train_789.jpg,rust
Train_790.jpg,rust
Train_791.jpg,healthy
Train_792.jpg,scab
Train_793.jpg,scab
Train_794.jpg,healthy
Train_795.jpg,scab
Train_796.jpg,rust
Train_797.jpg,scab
Train_798.jpg,rust
Train_799.jpg,rust
Train_800.jpg,healthy
Train_801.jpg,healthy
Train_802.jpg,healthy
Train_803.jpg,scab
Train_804.jpg,rust
Train_805.jpg,healthy
Train_806.jpg,scab
Train_807.jpg,healthy
Train_808.jpg,scab
Train_809.jpg,healthy
Train_810.jpg,scab
Train_811.jpg,healthy
Train_812.jpg,healthy
Train_813.jpg,scab
Train_814.jpg,rust
Train_815.jpg,healthy
Train_816.jpg,rust
Train_817.jpg,healthy
Train_818.jpg,scab
Train_819.jpg,scab
Train_820.jpg,scab
Train_821.jpg,rust
Train_822.jpg,rust
Train_823.jpg,scab
Train_824.jpg,scab
Train_825.jpg,rust
Train_826.jpg,healthy
Train_827.jpg,rust
Train_828.jpg,rust
Train_829.jpg,rust
Train_830.jpg,rust
Train_831.jpg,scab
Train_832.jpg,rust
Train_833.jpg,healthy
Train_834.jpg,healthy
Train_835.jpg,healthy
Train_836.jpg,rust
Train_837.jpg,rust
Train_838.jpg,scab
Train_839.jpg,healthy
Train_840.jpg,rust
Train_841.jpg,rust
Train_842.jpg,scab
Train_843.jpg,rust
Train_844.jpg,scab
Train_845.jpg,scab
Train_846.jpg,scab
Train_847.jpg,rust
Train_848.jpg,rust
Train_849.jpg,healthy
Train_850.jpg,healthy
Train_851.jpg,scab
Train_852.jpg,rust
Train_853.jpg,rust
Train_854.jpg,scab
Train_855.jpg,rust
Train_856.jpg,scab
Train_857.jpg,multiple_diseases
Train_858.jpg,scab
Train_859.jpg,scab
Train_860.jpg,rust
Train_861.jpg,scab
Train_862.jpg,scab
Train_863.jpg,healthy
Train_864.jpg,healthy
Train_865.jpg,rust
Train_866.jpg,healthy
Train_867.jpg,rust
Train_868.jpg,scab
Train_869.jpg,scab
Train_870.jpg,scab
Train_871.jpg,scab
Train_872.jpg,healthy
Train_873.jpg,rust
Train_874.jpg,rust
Train_875.jpg,rust
Train_876.jpg,rust
Train_877.jpg,healthy
Train_878.jpg,scab
Train_879.jpg,scab
Train_880.jpg,healthy
Train_881.jpg,healthy
Train_882.jpg,healthy
Train_883.jpg,scab
Train_884.jpg,rust
Train_885.jpg,healthy
Train_886.jpg,multiple_diseases
Train_887.jpg,healthy
Train_888.jpg,rust
Train_889.jpg,rust
Train_890.jpg,healthy
Train_891.jpg,scab
Train_892.jpg,rust
Train_893.jpg,healthy
Train_894.jpg,scab
Train_895.jpg,healthy
Train_896.jpg,healthy
Train_897.jpg,healthy
Train_898.jpg,scab
Train_899.jpg,scab
Train_900.jpg,rust
Train_901.jpg,healthy
Train_902.jpg,scab
Train_903.jpg,healthy
Train_904.jpg,scab
Train_905.jpg,multiple_diseases
Train_906.jpg,scab
Train_907.jpg,healthy
Train_908.jpg,healthy
Train_909.jpg,healthy
Train_910.jpg,rust
Train_911.jpg,rust
Train_912.jpg,rust
Train_913.jpg,rust
Train_914.jpg,healthy
Train_915.jpg,healthy
Train_916.jpg,rust
Train_917.jpg,scab
Train_918.jpg,healthy
Train_919.jpg,healthy
Train_920.jpg,rust
Train_921.jpg,healthy
Train_922.jpg,scab
Train_923.jpg,healthy
Train_924.jpg,healthy
Train_925.jpg,rust
Train_926.jpg,scab
Train_927.jpg,scab
Train_928.jpg,rust
Train_929.jpg,healthy
Train_930.jpg,scab
Train_931.jpg,rust
Train_932.jpg,scab
Train_933.jpg,scab
Train_934.jpg,healthy
Train_935.jpg,healthy
Train_936.jpg,multiple_diseases
Train_937.jpg,healthy
Train_938.jpg,rust
Train_939.jpg,healthy
Train_940.jpg,rust
Train_941.jpg,scab
Train_942.jpg,healthy
Train_943.jpg,scab
Train_944.jpg,rust
Train_945.jpg,rust
Train_946.jpg,scab
Train_947.jpg,healthy
Train_948.jpg,healthy
Train_949.jpg,multiple_diseases
Train_950.jpg,rust
Train_951.jpg,healthy
Train_952.jpg,healthy
Train_953.jpg,healthy
Train_954.jpg,scab
Train_955.jpg,scab
Train_956.jpg,healthy
Train_957.jpg,rust
Train_958.jpg,healthy
Train_959.jpg,healthy
Train_960.jpg,healthy
Train_961.jpg,healthy
Train_962.jpg,rust
Train_963.jpg,healthy
Train_964.jpg,scab
Train_965.jpg,rust
Train_966.jpg,healthy
Train_967.jpg,scab
Train_968.jpg,healthy
Train_969.jpg,healthy
Train_970.jpg,scab
Train_971.jpg,rust
Train_972.jpg,scab
Train_973.jpg,scab
Train_974.jpg,scab
Train_975.jpg,rust
Train_976.jpg,rust
Train_977.jpg,healthy
Train_978.jpg,rust
Train_979.jpg,healthy
Train_980.jpg,healthy
Train_981.jpg,healthy
Train_982.jpg,rust
Train_983.jpg,healthy
Train_984.jpg,scab
Train_985.jpg,rust
Train_986.jpg,scab
Train_987.jpg,rust
Train_988.jpg,scab
Train_989.jpg,healthy
Train_990.jpg,scab
Train_991.jpg,scab
Train_992.jpg,scab
Train_993.jpg,scab
Train_994.jpg,scab
Train_995.jpg,rust
Train_996.jpg,rust
Train_997.jpg,scab
Train_998.jpg,scab
Train_999.jpg,rust
Train_1000.jpg,rust
Train_1001.jpg,healthy
Train_1002.jpg,healthy
Train_1003.jpg,scab
Train_1004.jpg,healthy
Train_1005.jpg,healthy
Train_1006.jpg,scab
Train_1007.jpg,healthy
Train_1008.jpg,scab
Train_1009.jpg,scab
Train_1010.jpg,scab
Train_1011.jpg,rust
Train_1012.jpg,healthy
Train_1013.jpg,multiple_diseases
Train_1014.jpg,healthy
Train_1015.jpg,scab
Train_1016.jpg,scab
Train_1017.jpg,healthy
Train_1018.jpg,multiple_diseases
Train_1019.jpg,rust
Train_1020.jpg,healthy
Train_1021.jpg,rust
Train_1022.jpg,rust
Train_1023.jpg,rust
Train_1024.jpg,scab
Train_1025.jpg,scab
Train_1026.jpg,scab
Train_1027.jpg,scab
Train_1028.jpg,multiple_diseases
Train_1029.jpg,rust
Train_1030.jpg,rust
Train_1031.jpg,healthy
Train_1032.jpg,scab
Train_1033.jpg,scab
Train_1034.jpg,healthy
Train_1035.jpg,multiple_diseases
Train_1036.jpg,scab
Train_1037.jpg,rust
Train_1038.jpg,scab
Train_1039.jpg,healthy
Train_1040.jpg,rust
Train_1041.jpg,rust
Train_1042.jpg,scab
Train_1043.jpg,healthy
Train_1044.jpg,healthy
Train_1045.jpg,scab
Train_1046.jpg,multiple_diseases
Train_1047.jpg,healthy
Train_1048.jpg,rust
Train_1049.jpg,scab
Train_1050.jpg,multiple_diseases
Train_1051.jpg,rust
Train_1052.jpg,scab
Train_1053.jpg,rust
Train_1054.jpg,healthy
Train_1055.jpg,healthy
Train_1056.jpg,scab
Train_1057.jpg,rust
Train_1058.jpg,healthy
Train_1059.jpg,scab
Train_1060.jpg,rust
Train_1061.jpg,scab
Train_1062.jpg,scab
Train_1063.jpg,rust
Train_1064.jpg,rust
Train_1065.jpg,scab
Train_1066.jpg,healthy
Train_1067.jpg,healthy
Train_1068.jpg,rust
Train_1069.jpg,rust
Train_1070.jpg,rust
Train_1071.jpg,rust
Train_1072.jpg,healthy
Train_1073.jpg,rust
Train_1074.jpg,scab
Train_1075.jpg,scab
Train_1076.jpg,scab
Train_1077.jpg,scab
Train_1078.jpg,rust
Train_1079.jpg,healthy
Train_1080.jpg,healthy
Train_1081.jpg,rust
Train_1082.jpg,healthy
Train_1083.jpg,scab
Train_1084.jpg,rust
Train_1085.jpg,healthy
Train_1086.jpg,healthy
Train_1087.jpg,rust
Train_1088.jpg,scab
Train_1089.jpg,scab
Train_1090.jpg,scab
Train_1091.jpg,healthy
Train_1092.jpg,healthy
Train_1093.jpg,rust
Train_1094.jpg,scab
Train_1095.jpg,scab
Train_1096.jpg,rust
Train_1097.jpg,healthy
Train_1098.jpg,scab
Train_1099.jpg,scab
Train_1100.jpg,scab
Train_1101.jpg,healthy
Train_1102.jpg,rust
Train_1103.jpg,healthy
Train_1104.jpg,scab
Train_1105.jpg,rust
Train_1106.jpg,rust
Train_1107.jpg,scab
Train_1108.jpg,rust
Train_1109.jpg,scab
Train_1110.jpg,healthy
Train_1111.jpg,rust
Train_1112.jpg,rust
Train_1113.jpg,rust
Train_1114.jpg,healthy
Train_1115.jpg,healthy
Train_1116.jpg,rust
Train_1117.jpg,healthy
Train_1118.jpg,rust
Train_1119.jpg,multiple_diseases
Train_1120.jpg,scab
Train_1121.jpg,rust
Train_1122.jpg,rust
Train_1123.jpg,healthy
Train_1124.jpg,scab
Train_1125.jpg,rust
Train_1126.jpg,rust
Train_1127.jpg,scab
Train_1128.jpg,scab
Train_1129.jpg,multiple_diseases
Train_1130.jpg,scab
Train_1131.jpg,healthy
Train_1132.jpg,scab
Train_1133.jpg,healthy
Train_1134.jpg,multiple_diseases
Train_1135.jpg,scab
Train_1136.jpg,scab
Train_1137.jpg,scab
Train_1138.jpg,rust
Train_1139.jpg,healthy
Train_1140.jpg,scab
Train_1141.jpg,healthy
Train_1142.jpg,rust
Train_1143.jpg,scab
Train_1144.jpg,rust
Train_1145.jpg,rust
Train_1146.jpg,healthy
Train_1147.jpg,rust
Train_1148.jpg,rust
Train_1149.jpg,rust
Train_1150.jpg,rust
Train_1151.jpg,healthy
Train_1152.jpg,scab
Train_1153.jpg,healthy
Train_1154.jpg,rust
Train_1155.jpg,scab
Train_1156.jpg,scab
Train_1157.jpg,scab
Train_1158.jpg,rust
Train_1159.jpg,healthy
Train_1160.jpg,healthy
Train_1161.jpg,multiple_diseases
Train_1162.jpg,scab
Train_1163.jpg,rust
Train_1164.jpg,healthy
Train_1165.jpg,rust
Train_1166.jpg,scab
Train_1167.jpg,scab
Train_1168.jpg,scab
Train_1169.jpg,rust
Train_1170.jpg,scab
Train_1171.jpg,healthy
Train_1172.jpg,scab
Train_1173.jpg,multiple_diseases
Train_1174.jpg,scab
Train_1175.jpg,rust
Train_1176.jpg,healthy
Train_1177.jpg,rust
Train_1178.jpg,scab
Train_1179.jpg,rust
Train_1180.jpg,healthy
Train_1181.jpg,scab
Train_1182.jpg,scab
Train_1183.jpg,scab
Train_1184.jpg,rust
Train_1185.jpg,rust
Train_1186.jpg,healthy
Train_1187.jpg,rust
Train_1188.jpg,scab
Train_1189.jpg,rust
Train_1190.jpg,scab
Train_1191.jpg,rust
Train_1192.jpg,scab
Train_1193.jpg,healthy
Train_1194.jpg,rust
Train_1195.jpg,healthy
Train_1196.jpg,rust
Train_1197.jpg,multiple_diseases
Train_1198.jpg,healthy
Train_1199.jpg,healthy
Train_1200.jpg,rust
Train_1201.jpg,scab
Train_1202.jpg,scab
Train_1203.jpg,scab
Train_1204.jpg,rust
Train_1205.jpg,rust
Train_1206.jpg,rust
Train_1207.jpg,rust
Train_1208.jpg,scab
Train_1209.jpg,scab
Train_1210.jpg,healthy
Train_1211.jpg,scab
Train_1212.jpg,scab
Train_1213.jpg,rust
Train_1214.jpg,healthy
Train_1215.jpg,rust
Train_1216.jpg,multiple_diseases
Train_1217.jpg,scab
Train_1218.jpg,scab
Train_1219.jpg,rust
Train_1220.jpg,rust
Train_1221.jpg,scab
Train_1222.jpg,rust
Train_1223.jpg,healthy
Train_1224.jpg,healthy
Train_1225.jpg,rust
Train_1226.jpg,scab
Train_1227.jpg,healthy
Train_1228.jpg,scab
Train_1229.jpg,rust
Train_1230.jpg,healthy
Train_1231.jpg,rust
Train_1232.jpg,scab
Train_1233.jpg,rust
Train_1234.jpg,multiple_diseases
Train_1235.jpg,rust
Train_1236.jpg,multiple_diseases
Train_1237.jpg,healthy
Train_1238.jpg,scab
Train_1239.jpg,healthy
Train_1240.jpg,healthy
Train_1241.jpg,scab
Train_1242.jpg,scab
Train_1243.jpg,scab
Train_1244.jpg,rust
Train_1245.jpg,healthy
Train_1246.jpg,scab
Train_1247.jpg,healthy
Train_1248.jpg,healthy
Train_1249.jpg,scab
Train_1250.jpg,scab
Train_1251.jpg,healthy
Train_1252.jpg,scab
Train_1253.jpg,rust
Train_1254.jpg,healthy
Train_1255.jpg,rust
Train_1256.jpg,rust
Train_1257.jpg,healthy
Train_1258.jpg,scab
Train_1259.jpg,scab
Train_1260.jpg,rust
Train_1261.jpg,healthy
Train_1262.jpg,rust
Train_1263.jpg,rust
Train_1264.jpg,multiple_diseases
Train_1265.jpg,healthy
Train_1266.jpg,rust
Train_1267.jpg,rust
Train_1268.jpg,rust
Train_1269.jpg,scab
Train_1270.jpg,multiple_diseases
Train_1271.jpg,healthy
Train_1272.jpg,rust
Train_1273.jpg,scab
Train_1274.jpg,scab
Train_1275.jpg,rust
Train_1276.jpg,scab
Train_1277.jpg,healthy
Train_1278.jpg,scab
Train_1279.jpg,scab
Train_1280.jpg,multiple_diseases
Train_1281.jpg,scab
Train_1282.jpg,healthy
Train_1283.jpg,rust
Train_1284.jpg,rust
Train_1285.jpg,healthy
Train_1286.jpg,healthy
Train_1287.jpg,healthy
Train_1288.jpg,scab
Train_1289.jpg,healthy
Train_1290.jpg,rust
Train_1291.jpg,rust
Train_1292.jpg,rust
Train_1293.jpg,scab
Train_1294.jpg,scab
Train_1295.jpg,scab
Train_1296.jpg,scab
Train_1297.jpg,healthy
Train_1298.jpg,scab
Train_1299.jpg,rust
Train_1300.jpg,rust
Train_1301.jpg,scab
Train_1302.jpg,rust
Train_1303.jpg,scab
Train_1304.jpg,healthy
Train_1305.jpg,scab
Train_1306.jpg,healthy
Train_1307.jpg,rust
Train_1308.jpg,scab
Train_1309.jpg,healthy
Train_1310.jpg,multiple_diseases
Train_1311.jpg,rust
Train_1312.jpg,scab
Train_1313.jpg,healthy
Train_1314.jpg,rust
Train_1315.jpg,scab
Train_1316.jpg,rust
Train_1317.jpg,scab
Train_1318.jpg,rust
Train_1319.jpg,rust
Train_1320.jpg,rust
Train_1321.jpg,rust
Train_1322.jpg,rust
Train_1323.jpg,scab
Train_1324.jpg,rust
Train_1325.jpg,healthy
Train_1326.jpg,rust
Train_1327.jpg,rust
Train_1328.jpg,healthy
Train_1329.jpg,scab
Train_1330.jpg,rust
Train_1331.jpg,scab
Train_1332.jpg,rust
Train_1333.jpg,scab
Train_1334.jpg,scab
Train_1335.jpg,healthy
Train_1336.jpg,scab
Train_1337.jpg,scab
Train_1338.jpg,scab
Train_1339.jpg,scab
Train_1340.jpg,rust
Train_1341.jpg,healthy
Train_1342.jpg,rust
Train_1343.jpg,scab
Train_1344.jpg,rust
Train_1345.jpg,scab
Train_1346.jpg,scab
Train_1347.jpg,healthy
Train_1348.jpg,healthy
Train_1349.jpg,healthy
Train_1350.jpg,scab
Train_1351.jpg,rust
Train_1352.jpg,rust
Train_1353.jpg,scab
Train_1354.jpg,healthy
Train_1355.jpg,healthy
Train_1356.jpg,healthy
Train_1357.jpg,healthy
Train_1358.jpg,multiple_diseases
Train_1359.jpg,rust
Train_1360.jpg,scab
Train_1361.jpg,scab
Train_1362.jpg,scab
Train_1363.jpg,scab
Train_1364.jpg,rust
Train_1365.jpg,rust
Train_1366.jpg,healthy
Train_1367.jpg,scab
Train_1368.jpg,healthy
Train_1369.jpg,multiple_diseases
Train_1370.jpg,rust
Train_1371.jpg,healthy
Train_1372.jpg,healthy
Train_1373.jpg,rust
Train_1374.jpg,rust
Train_1375.jpg,scab
Train_1376.jpg,rust
Train_1377.jpg,healthy
Train_1378.jpg,rust
Train_1379.jpg,rust
Train_1380.jpg,healthy
Train_1381.jpg,healthy
Train_1382.jpg,scab
Train_1383.jpg,scab
Train_1384.jpg,scab
Train_1385.jpg,scab
Train_1386.jpg,healthy
Train_1387.jpg,rust
Train_1388.jpg,healthy
Train_1389.jpg,healthy
Train_1390.jpg,multiple_diseases
Train_1391.jpg,healthy
Train_1392.jpg,healthy
Train_1393.jpg,scab
Train_1394.jpg,rust
Train_1395.jpg,scab
Train_1396.jpg,healthy
Train_1397.jpg,healthy
Train_1398.jpg,rust
Train_1399.jpg,rust
Train_1400.jpg,rust
Train_1401.jpg,scab
Train_1402.jpg,rust
Train_1403.jpg,scab
Train_1404.jpg,rust
Train_1405.jpg,scab
Train_1406.jpg,rust
Train_1407.jpg,rust
Train_1408.jpg,healthy
Train_1409.jpg,rust
Train_1410.jpg,scab
Train_1411.jpg,scab
Train_1412.jpg,rust
Train_1413.jpg,rust
Train_1414.jpg,healthy
Train_1415.jpg,healthy
Train_1416.jpg,scab
Train_1417.jpg,healthy
Train_1418.jpg,rust
Train_1419.jpg,scab
Train_1420.jpg,healthy
Train_1421.jpg,scab
Train_1422.jpg,rust
Train_1423.jpg,rust
Train_1424.jpg,healthy
Train_1425.jpg,rust
Train_1426.jpg,healthy
Train_1427.jpg,rust
Train_1428.jpg,rust
Train_1429.jpg,scab
Train_1430.jpg,scab
Train_1431.jpg,scab
Train_1432.jpg,healthy
Train_1433.jpg,multiple_diseases
Train_1434.jpg,rust
Train_1435.jpg,scab
Train_1436.jpg,scab
Train_1437.jpg,rust
Train_1438.jpg,healthy
Train_1439.jpg,rust
Train_1440.jpg,healthy
Train_1441.jpg,rust
Train_1442.jpg,healthy
Train_1443.jpg,rust
Train_1444.jpg,scab
Train_1445.jpg,scab
Train_1446.jpg,rust
Train_1447.jpg,healthy
Train_1448.jpg,scab
Train_1449.jpg,healthy
Train_1450.jpg,scab
Train_1451.jpg,rust
Train_1452.jpg,scab
Train_1453.jpg,rust
Train_1454.jpg,multiple_diseases
Train_1455.jpg,rust
Train_1456.jpg,scab
Train_1457.jpg,healthy
Train_1458.jpg,rust
Train_1459.jpg,healthy
Train_1460.jpg,scab
Train_1461.jpg,rust
Train_1462.jpg,rust
Train_1463.jpg,healthy
Train_1464.jpg,scab
Train_1465.jpg,rust
Train_1466.jpg,healthy
Train_1467.jpg,scab
Train_1468.jpg,multiple_diseases
Train_1469.jpg,rust
Train_1470.jpg,scab
Train_1471.jpg,rust
Train_1472.jpg,rust
Train_1473.jpg,scab
Train_1474.jpg,healthy
Train_1475.jpg,rust
Train_1476.jpg,healthy
Train_1477.jpg,healthy
Train_1478.jpg,healthy
Train_1479.jpg,healthy
Train_1480.jpg,rust
Train_1481.jpg,scab
Train_1482.jpg,healthy
Train_1483.jpg,scab
Train_1484.jpg,scab
Train_1485.jpg,rust
Train_1486.jpg,rust
Train_1487.jpg,rust
Train_1488.jpg,scab
Train_1489.jpg,healthy
Train_1490.jpg,rust
Train_1491.jpg,rust
Train_1492.jpg,rust
Train_1493.jpg,scab
Train_1494.jpg,multiple_diseases
Train_1495.jpg,scab
Train_1496.jpg,healthy
Train_1497.jpg,healthy
Train_1498.jpg,scab
Train_1499.jpg,rust
Train_1500.jpg,scab
Train_1501.jpg,scab
Train_1502.jpg,rust
Train_1503.jpg,scab
Train_1504.jpg,healthy
Train_1505.jpg,scab
Train_1506.jpg,scab
Train_1507.jpg,scab
Train_1508.jpg,healthy
Train_1509.jpg,rust
Train_1510.jpg,rust
Train_1511.jpg,rust
Train_1512.jpg,rust
Train_1513.jpg,healthy
Train_1514.jpg,multiple_diseases
Train_1515.jpg,rust
Train_1516.jpg,rust
Train_1517.jpg,healthy
Train_1518.jpg,scab
Train_1519.jpg,scab
Train_1520.jpg,scab
Train_1521.jpg,scab
Train_1522.jpg,scab
Train_1523.jpg,scab
Train_1524.jpg,rust
Train_1525.jpg,rust
Train_1526.jpg,multiple_diseases
Train_1527.jpg,rust
Train_1528.jpg,healthy
Train_1529.jpg,scab
Train_1530.jpg,healthy
Train_1531.jpg,multiple_diseases
Train_1532.jpg,scab
Train_1533.jpg,healthy
Train_1534.jpg,scab
Train_1535.jpg,rust
Train_1536.jpg,multiple_diseases
Train_1537.jpg,scab
Train_1538.jpg,healthy
Train_1539.jpg,healthy
Train_1540.jpg,rust
Train_1541.jpg,healthy
Train_1542.jpg,scab
Train_1543.jpg,scab
Train_1544.jpg,scab
Train_1545.jpg,rust
Train_1546.jpg,healthy
Train_1547.jpg,rust
Train_1548.jpg,healthy
Train_1549.jpg,healthy
Train_1550.jpg,scab
Train_1551.jpg,rust
Train_1552.jpg,healthy
Train_1553.jpg,scab
Train_1554.jpg,multiple_diseases
Train_1555.jpg,healthy
Train_1556.jpg,healthy
Train_1557.jpg,healthy
Train_1558.jpg,multiple_diseases
Train_1559.jpg,healthy
Train_1560.jpg,rust
Train_1561.jpg,rust
Train_1562.jpg,healthy
Train_1563.jpg,healthy
Train_1564.jpg,healthy
Train_1565.jpg,rust
Train_1566.jpg,rust
Train_1567.jpg,rust
Train_1568.jpg,scab
Train_1569.jpg,rust
Train_1570.jpg,scab
Train_1571.jpg,rust
Train_1572.jpg,scab
Train_1573.jpg,multiple_diseases
Train_1574.jpg,rust
Train_1575.jpg,healthy
Train_1576.jpg,rust
Train_1577.jpg,multiple_diseases
Train_1578.jpg,rust
Train_1579.jpg,rust
Train_1580.jpg,scab
Train_1581.jpg,rust
Train_1582.jpg,scab
Train_1583.jpg,healthy
Train_1584.jpg,rust
Train_1585.jpg,healthy
Train_1586.jpg,scab
Train_1587.jpg,healthy
Train_1588.jpg,scab
Train_1589.jpg,scab
Train_1590.jpg,healthy
Train_1591.jpg,rust
Train_1592.jpg,rust
Train_1593.jpg,healthy
Train_1594.jpg,rust
Train_1595.jpg,rust
Train_1596.jpg,rust
Train_1597.jpg,healthy
Train_1598.jpg,healthy
Train_1599.jpg,rust
Train_1600.jpg,healthy
Train_1601.jpg,healthy
Train_1602.jpg,rust
Train_1603.jpg,rust
Train_1604.jpg,healthy
Train_1605.jpg,healthy
Train_1606.jpg,rust
Train_1607.jpg,rust
Train_1608.jpg,healthy
Train_1609.jpg,multiple_diseases
Train_1610.jpg,healthy
Train_1611.jpg,healthy
Train_1612.jpg,healthy
Train_1613.jpg,rust
Train_1614.jpg,healthy
Train_1615.jpg,healthy
Train_1616.jpg,healthy
Train_1617.jpg,healthy
Train_1618.jpg,multiple_diseases
Train_1619.jpg,scab
Train_1620.jpg,scab
Train_1621.jpg,healthy
Train_1622.jpg,scab
Train_1623.jpg,scab
Train_1624.jpg,rust
Train_1625.jpg,rust
Train_1626.jpg,rust
Train_1627.jpg,scab
Train_1628.jpg,scab
Train_1629.jpg,rust
Train_1630.jpg,rust
Train_1631.jpg,healthy
Train_1632.jpg,scab
Train_1633.jpg,healthy
Train_1634.jpg,healthy
Train_1635.jpg,healthy
Train_1636.jpg,scab
Train_1637.jpg,scab
Train_1638.jpg,scab
Train_1639.jpg,scab
Train_1640.jpg,rust
Train_1641.jpg,multiple_diseases
Train_1642.jpg,rust
Train_1643.jpg,scab
Train_1644.jpg,rust
Train_1645.jpg,scab
Train_1646.jpg,healthy
Train_1647.jpg,scab
Train_1648.jpg,multiple_diseases
Train_1649.jpg,rust
Train_1650.jpg,scab
Train_1651.jpg,rust
Train_1652.jpg,scab
Train_1653.jpg,healthy
Train_1654.jpg,healthy
Train_1655.jpg,rust
Train_1656.jpg,healthy
Train_1657.jpg,rust
Train_1658.jpg,scab
Train_1659.jpg,scab
Train_1660.jpg,scab
Train_1661.jpg,healthy
Train_1662.jpg,multiple_diseases
Train_1663.jpg,healthy
Train_1664.jpg,multiple_diseases
Train_1665.jpg,rust
Train_1666.jpg,healthy
Train_1667.jpg,healthy
Train_1668.jpg,rust
Train_1669.jpg,healthy
Train_1670.jpg,healthy
Train_1671.jpg,rust
Train_1672.jpg,healthy
Train_1673.jpg,scab
Train_1674.jpg,rust
Train_1675.jpg,healthy
Train_1676.jpg,healthy
Train_1677.jpg,rust
Train_1678.jpg,rust
Train_1679.jpg,rust
Train_1680.jpg,scab
Train_1681.jpg,healthy
Train_1682.jpg,healthy
Train_1683.jpg,healthy
Train_1684.jpg,rust
Train_1685.jpg,scab
Train_1686.jpg,rust
Train_1687.jpg,healthy
Train_1688.jpg,scab
Train_1689.jpg,rust
Train_1690.jpg,scab
Train_1691.jpg,healthy
Train_1692.jpg,scab
Train_1693.jpg,healthy
Train_1694.jpg,healthy
Train_1695.jpg,rust
Train_1696.jpg,scab
Train_1697.jpg,healthy
Train_1698.jpg,healthy
Train_1699.jpg,rust
Train_1700.jpg,scab
Train_1701.jpg,scab
Train_1702.jpg,scab
Train_1703.jpg,scab
Train_1704.jpg,scab
Train_1705.jpg,scab
Train_1706.jpg,healthy
Train_1707.jpg,rust
Train_1708.jpg,multiple_diseases
Train_1709.jpg,rust
Train_1710.jpg,rust
Train_1711.jpg,scab
Train_1712.jpg,rust
Train_1713.jpg,scab
Train_1714.jpg,rust
Train_1715.jpg,scab
Train_1716.jpg,scab
Train_1717.jpg,scab
Train_1718.jpg,rust
Train_1719.jpg,scab
Train_1720.jpg,rust
Train_1721.jpg,scab
Train_1722.jpg,rust
Train_1723.jpg,healthy
Train_1724.jpg,healthy
Train_1725.jpg,rust
Train_1726.jpg,rust
Train_1727.jpg,scab
Train_1728.jpg,scab
Train_1729.jpg,rust
Train_1730.jpg,scab
Train_1731.jpg,healthy
Train_1732.jpg,rust
Train_1733.jpg,healthy
Train_1734.jpg,healthy
Train_1735.jpg,healthy
Train_1736.jpg,rust
Train_1737.jpg,scab
Train_1738.jpg,rust
Train_1739.jpg,scab
Train_1740.jpg,rust
Train_1741.jpg,healthy
Train_1742.jpg,scab
Train_1743.jpg,rust
Train_1744.jpg,scab
Train_1745.jpg,rust
Train_1746.jpg,rust
Train_1747.jpg,scab
Train_1748.jpg,healthy
Train_1749.jpg,rust
Train_1750.jpg,healthy
Train_1751.jpg,scab
Train_1752.jpg,rust
Train_1753.jpg,rust
Train_1754.jpg,scab
Train_1755.jpg,rust
Train_1756.jpg,scab
Train_1757.jpg,rust
Train_1758.jpg,scab
Train_1759.jpg,scab
Train_1760.jpg,healthy
Train_1761.jpg,scab
Train_1762.jpg,scab
Train_1763.jpg,rust
Train_1764.jpg,rust
Train_1765.jpg,scab
Train_1766.jpg,rust
Train_1767.jpg,scab
Train_1768.jpg,scab
Train_1769.jpg,scab
Train_1770.jpg,healthy
Train_1771.jpg,rust
Train_1772.jpg,rust
Train_1773.jpg,rust
Train_1774.jpg,healthy
Train_1775.jpg,rust
Train_1776.jpg,healthy
Train_1777.jpg,healthy
Train_1778.jpg,healthy
Train_1779.jpg,multiple_diseases
Train_1780.jpg,multiple_diseases
Train_1781.jpg,healthy
Train_1782.jpg,healthy
Train_1783.jpg,rust
Train_1784.jpg,multiple_diseases
Train_1785.jpg,rust
Train_1786.jpg,rust
Train_1787.jpg,scab
Train_1788.jpg,rust
Train_1789.jpg,healthy
Train_1790.jpg,rust
Train_1791.jpg,rust
Train_1792.jpg,rust
Train_1793.jpg,scab
Train_1794.jpg,healthy
Train_1795.jpg,rust
Train_1796.jpg,rust
Train_1797.jpg,rust
Train_1798.jpg,rust
Train_1799.jpg,healthy
Train_1800.jpg,scab
Train_1801.jpg,scab
Train_1802.jpg,rust
Train_1803.jpg,healthy
Train_1804.jpg,scab
Train_1805.jpg,rust
Train_1806.jpg,scab
Train_1807.jpg,healthy
Train_1808.jpg,healthy
Train_1809.jpg,scab
Train_1810.jpg,healthy
Train_1811.jpg,rust
Train_1812.jpg,scab
Train_1813.jpg,rust
Train_1814.jpg,healthy
Train_1815.jpg,multiple_diseases
Train_1816.jpg,scab
Train_1817.jpg,healthy
Train_1818.jpg,healthy
Train_1819.jpg,rust
Train_1820.jpg,scab